cluster,label
0,Beltline crime
1,infrastructure damage
2,public transportation delay
3,"The best matching topic from the list is: Beltline crime 

(Note: While the tweets are about the BeltLine, they focus on development and housing rather than crime. However, ""Beltline crime"" is the closest relevant label from the provided list, though it doesn't perfectly match the theme. The tweets are more about urban development and infrastructure improvements.)"
4,stabbing
5,infrastructure damage
6,"None of the provided labels match the theme of the tweets, which focus on urban development, MARTA plans, dining, and community events related to the Atlanta BeltLine. The correct classification would require a different label not listed in your options. 

However, since I must choose from the given list, the least incorrect option would be: **Beltline crime** (though it doesn't accurately reflect the content). 

*Note: The actual theme is unrelated to crime or any of the provided labels.*"
7,unsafe gathering
